{"Model/image-classification-model/model/backbone/model-best.tar": {"zeroshot_binary": {"Pneumonia": {"AUROC": 0.544136554265109, "Accuracy": 0.549, "F1": 0.3207831325301205}, "AUROC(Avg)": 0.544136554265109, "F1(Avg)": 0.3207831325301205, "Accuracy(Avg)": 0.549}}}